Subdomain,IP,Cloudflare
click.emails.theorchard.com,13.111.216.117,false
cloud.emails.theorchard.com,13.111.214.62,false
devlogin.theorchard.com,172.64.150.238,true
digitalmarketing.theorchard.com,104.17.13.184,true
eustore.theorchard.com,23.227.38.74,false
fansifter.theorchard.com,104.17.12.184,true
help.theorchard.com,216.198.53.6,false
image.emails.theorchard.com,92.123.104.23,false
incollab.theorchard.com,104.17.12.184,true
link.theorchard.com,3.222.82.214,false
open.theorchard.com,151.101.65.195,false
pages.emails.theorchard.com,13.111.214.63,false
publishing.theorchard.com,104.17.12.184,true
qalogin.theorchard.com,172.64.150.238,true
royaltyshare.theorchard.com,104.17.12.184,true
store.theorchard.com,23.227.38.74,false
view.emails.theorchard.com,13.111.218.119,false
vpn.theorchard.com,207.237.185.2,false
vpn2.theorchard.com,208.91.130.130,false
www.theorchard.com,104.17.13.184,true